Customer_ID,Day,Arrival_Time,Number_of_Items,Service_Time_Seconds
1,2025-12-01,2025-12-01 17:01:16,16,74.95
2,2025-12-01,2025-12-01 17:03:33,6,55.54
3,2025-12-01,2025-12-01 17:04:11,4,33.08
4,2025-12-01,2025-12-01 17:10:01,11,59.49
5,2025-12-01,2025-12-01 17:12:01,4,41.88
6,2025-12-01,2025-12-01 17:13:54,16,73.38
7,2025-12-01,2025-12-01 17:14:31,12,64.67
8,2025-12-01,2025-12-01 17:14:46,20,97.47
9,2025-12-01,2025-12-01 17:14:53,25,100.51
10,2025-12-01,2025-12-01 17:15:34,18,101.11
11,2025-12-01,2025-12-01 17:17:51,8,38.92
12,2025-12-01,2025-12-01 17:21:52,13,61.0
13,2025-12-01,2025-12-01 17:22:05,23,108.29
14,2025-12-01,2025-12-01 17:22:47,16,98.41
15,2025-12-01,2025-12-01 17:23:31,12,63.1
16,2025-12-01,2025-12-01 17:27:47,25,110.39
17,2025-12-01,2025-12-01 17:29:36,25,109.05
18,2025-12-01,2025-12-01 17:29:47,1,27.82
19,2025-12-01,2025-12-01 17:33:09,23,93.11
20,2025-12-01,2025-12-01 17:33:22,1,38.54
21,2025-12-01,2025-12-01 17:35:16,21,80.11
22,2025-12-01,2025-12-01 17:37:28,10,77.64
23,2025-12-01,2025-12-01 17:41:16,7,53.27
24,2025-12-01,2025-12-01 17:41:27,26,84.77
25,2025-12-01,2025-12-01 17:42:28,21,73.31
26,2025-12-01,2025-12-01 17:45:15,16,82.37
27,2025-12-01,2025-12-01 17:46:54,15,67.35
28,2025-12-01,2025-12-01 17:47:59,15,84.44
29,2025-12-01,2025-12-01 17:52:45,8,57.74
30,2025-12-01,2025-12-01 17:53:04,9,57.11
31,2025-12-01,2025-12-01 17:55:12,23,95.09
32,2025-12-01,2025-12-01 17:55:19,6,48.04
33,2025-12-01,2025-12-01 17:55:49,31,119.55
34,2025-12-01,2025-12-01 17:57:40,17,87.66
35,2025-12-02,2025-12-02 17:00:06,12,53.25
36,2025-12-02,2025-12-02 17:01:55,16,78.91
37,2025-12-02,2025-12-02 17:02:12,16,69.21
38,2025-12-02,2025-12-02 17:05:24,23,97.77
39,2025-12-02,2025-12-02 17:05:25,1,20.0
40,2025-12-02,2025-12-02 17:08:10,17,87.3
41,2025-12-02,2025-12-02 17:12:46,13,52.95
42,2025-12-02,2025-12-02 17:14:02,22,72.69
43,2025-12-02,2025-12-02 17:15:07,16,83.9
44,2025-12-02,2025-12-02 17:15:36,26,103.11
45,2025-12-02,2025-12-02 17:15:58,16,74.09
46,2025-12-02,2025-12-02 17:17:11,15,67.56
47,2025-12-02,2025-12-02 17:17:45,20,74.25
48,2025-12-02,2025-12-02 17:17:56,27,130.8
49,2025-12-02,2025-12-02 17:18:26,26,103.02
50,2025-12-02,2025-12-02 17:19:31,14,94.84
51,2025-12-02,2025-12-02 17:19:56,6,51.54
52,2025-12-02,2025-12-02 17:20:08,12,55.7
53,2025-12-02,2025-12-02 17:22:29,27,127.79
54,2025-12-02,2025-12-02 17:22:37,12,78.26
55,2025-12-02,2025-12-02 17:24:50,17,86.97
56,2025-12-02,2025-12-02 17:25:04,18,73.18
57,2025-12-02,2025-12-02 17:25:25,1,20.0
58,2025-12-02,2025-12-02 17:26:02,19,89.24
59,2025-12-02,2025-12-02 17:27:18,17,82.05
60,2025-12-02,2025-12-02 17:28:26,3,36.93
61,2025-12-02,2025-12-02 17:29:53,11,69.62
62,2025-12-02,2025-12-02 17:30:02,2,44.57
63,2025-12-02,2025-12-02 17:32:59,15,74.95
64,2025-12-02,2025-12-02 17:34:46,7,57.3
65,2025-12-02,2025-12-02 17:36:04,1,51.52
66,2025-12-02,2025-12-02 17:36:48,7,51.21
67,2025-12-03,2025-12-03 17:02:01,21,97.02
68,2025-12-03,2025-12-03 17:02:58,23,88.21
69,2025-12-03,2025-12-03 17:04:51,23,111.05
70,2025-12-03,2025-12-03 17:05:22,23,96.53
71,2025-12-03,2025-12-03 17:05:39,11,66.33
72,2025-12-03,2025-12-03 17:05:59,7,63.88
73,2025-12-03,2025-12-03 17:07:50,5,48.55
74,2025-12-03,2025-12-03 17:11:21,13,74.71
75,2025-12-03,2025-12-03 17:12:51,38,111.53
76,2025-12-03,2025-12-03 17:15:41,11,51.44
77,2025-12-03,2025-12-03 17:17:10,10,56.09
78,2025-12-03,2025-12-03 17:19:36,10,50.76
79,2025-12-03,2025-12-03 17:20:04,14,71.74
80,2025-12-03,2025-12-03 17:20:58,8,49.87
81,2025-12-03,2025-12-03 17:21:42,1,38.87
82,2025-12-03,2025-12-03 17:22:37,14,76.32
83,2025-12-03,2025-12-03 17:23:59,8,68.65
84,2025-12-03,2025-12-03 17:24:56,23,104.59
85,2025-12-03,2025-12-03 17:25:23,19,91.22
86,2025-12-03,2025-12-03 17:30:38,1,39.92
87,2025-12-03,2025-12-03 17:33:15,24,110.1
88,2025-12-03,2025-12-03 17:34:14,20,77.17
89,2025-12-03,2025-12-03 17:36:25,18,83.17
90,2025-12-03,2025-12-03 17:38:30,24,104.02
91,2025-12-03,2025-12-03 17:39:02,18,84.51
92,2025-12-03,2025-12-03 17:39:12,14,49.31
93,2025-12-03,2025-12-03 17:43:06,27,122.54
94,2025-12-03,2025-12-03 17:43:11,16,83.43
95,2025-12-03,2025-12-03 17:43:32,13,69.59
96,2025-12-03,2025-12-03 17:44:21,23,115.15
97,2025-12-03,2025-12-03 17:46:42,9,63.67
98,2025-12-03,2025-12-03 17:48:00,18,77.97
99,2025-12-03,2025-12-03 17:49:09,12,46.33
100,2025-12-03,2025-12-03 17:49:43,16,74.56
101,2025-12-03,2025-12-03 17:51:23,15,85.12
102,2025-12-04,2025-12-04 17:01:23,19,99.58
103,2025-12-04,2025-12-04 17:01:31,12,75.69
104,2025-12-04,2025-12-04 17:01:44,17,98.19
105,2025-12-04,2025-12-04 17:02:44,18,84.26
106,2025-12-04,2025-12-04 17:02:52,16,85.92
107,2025-12-04,2025-12-04 17:03:13,17,93.0
108,2025-12-04,2025-12-04 17:04:55,14,70.26
109,2025-12-04,2025-12-04 17:06:38,10,45.58
110,2025-12-04,2025-12-04 17:06:47,22,96.98
111,2025-12-04,2025-12-04 17:10:24,39,155.91
112,2025-12-04,2025-12-04 17:10:27,5,60.49
113,2025-12-04,2025-12-04 17:10:51,19,83.23
114,2025-12-04,2025-12-04 17:12:51,8,50.06
115,2025-12-04,2025-12-04 17:13:57,17,78.84
116,2025-12-04,2025-12-04 17:14:16,16,76.63
117,2025-12-04,2025-12-04 17:16:58,6,46.53
118,2025-12-04,2025-12-04 17:17:24,19,82.96
119,2025-12-04,2025-12-04 17:18:49,11,63.63
120,2025-12-04,2025-12-04 17:18:57,20,95.33
121,2025-12-04,2025-12-04 17:23:11,11,54.14
122,2025-12-04,2025-12-04 17:25:13,1,21.21
123,2025-12-04,2025-12-04 17:28:43,23,114.85
124,2025-12-04,2025-12-04 17:29:42,6,25.74
125,2025-12-04,2025-12-04 17:35:15,22,89.54
126,2025-12-04,2025-12-04 17:36:03,8,68.11
127,2025-12-04,2025-12-04 17:36:37,34,118.79
128,2025-12-04,2025-12-04 17:37:34,5,59.5
129,2025-12-04,2025-12-04 17:37:44,4,23.26
130,2025-12-04,2025-12-04 17:38:59,18,82.04
131,2025-12-04,2025-12-04 17:39:25,8,68.07
